{"cameraMode":{"drawMode":0,"name":"Shaded","section":"Shading Mode"},"sceneLighting":true,"audioPlay":false,"sceneViewState":{"m_AlwaysRefresh":false,"showFog":true,"showSkybox":true,"showFlares":true,"showImageEffects":true,"showParticleSystems":true,"showVisualEffectGraphs":true,"m_FxEnabled":true},"in2DMode":false,"pivot":{"x":-0.11032633483409882,"y":0.396024614572525,"z":-6.020906925201416},"rotation":{"x":0.017022885382175447,"y":-0.8903555870056152,"z":0.03340386971831322,"w":0.45372337102890017},"size":11.188909530639649,"orthographic":false}